National Security Department,1
vulnerability,1
detecte something unusual,1
noticed some unusual log in activity,1
Personal Security Key,1
account has expired,1
update your information,2
clicking on the link,1
apple,2
you last changed your password,1
this information is not correct,2
verify your personal information,3
temporaly suspended,3
review your information,1
Cisco Systems Inc,1
someone may be trying to access your account,1
opportunity for you,2
work Part-time,1
you must provide your name,1
If you did not make this request,1
detected some irregular activity ,3
COVID-19,2
to fix security info,1
have detected an irregular activity,2
include your cell phone number,1
attractive weekly wages,1
dear Student,1
reactivate your account,1
dropbox,1
please click below,1
someone else was trying to use your id to sign in,1
you can disregard this email. ,1
you should click here,1
you must verify this activity ,1
to verify your account,2
